{
    "mean": 0.21295294910669327,
    "variance": 0.00915767150335319
}